Run,ReleaseDate,LoadDate,spots,bases,spots_with_mates,avgLength,size_MB,AssemblyName,download_path,Experiment,LibraryName,LibraryStrategy,LibrarySelection,LibrarySource,LibraryLayout,InsertSize,InsertDev,Platform,Model,SRAStudy,BioProject,Study_Pubmed_id,ProjectID,Sample,BioSample,SampleType,TaxID,ScientificName,SampleName,g1k_pop_code,source,g1k_analysis_group,Subject_ID,Sex,Disease,Tumor,Affection_Status,Analyte_Type,Histological_Type,Body_Site,CenterName,Submission,dbgap_study_accession,Consent,RunHash,ReadHash
SRR1166967,2014-02-18 16:42:08,2014-02-11 18:55:17,15860510,3172102000,15860510,200,1435,,https://sra-download.ncbi.nlm.nih.gov/traces/sra16/SRR/001139/SRR1166967,SRX469157,,WGS,RANDOM,GENOMIC,PAIRED,0,0,ILLUMINA,Illumina HiSeq 2000,SRP036874,PRJNA237670,,237670,SRS556477,SAMN02631020,simple,72407,Klebsiella pneumoniae subsp. pneumoniae,1769,,,,,,,no,,,,,NIAID-RML-RTS,SRA137681,,public,0489C5A67CBED8A0A655D83B98AE94E2,004128872C40F8E8CBE69A4C16B7FFDC
SRR1166968,2014-02-18 16:42:08,2014-02-11 18:55:14,16559475,3311895000,16559475,200,1500,,https://sra-download.ncbi.nlm.nih.gov/traces/sra16/SRR/001139/SRR1166968,SRX469158,,WGS,RANDOM,GENOMIC,PAIRED,0,0,ILLUMINA,Illumina HiSeq 2000,SRP036874,PRJNA237670,,237670,SRS556478,SAMN02631021,simple,72407,Klebsiella pneumoniae subsp. pneumoniae,1770,,,,,,,no,,,,,NIAID-RML-RTS,SRA137681,,public,C5CF6F7B67F3ACCE123D913753E3E504,92A0BF13E119595117B2C7F8E6C68418
SRR1166969,2014-02-18 16:42:08,2014-02-11 18:56:53,16247539,3249507800,16247539,200,1474,,https://sra-download.ncbi.nlm.nih.gov/traces/sra16/SRR/001139/SRR1166969,SRX469159,,WGS,RANDOM,GENOMIC,PAIRED,0,0,ILLUMINA,Illumina HiSeq 2000,SRP036874,PRJNA237670,,237670,SRS556479,SAMN02631022,simple,72407,Klebsiella pneumoniae subsp. pneumoniae,1771,,,,,,,no,,,,,NIAID-RML-RTS,SRA137681,,public,5D3F162426B6AB7F4CEBAA5E70A6D32B,A68FB8FBF054A68AB5E69846903D4A73
SRR1166970,2014-02-18 16:42:08,2014-02-12 05:34:09,17935203,3587040600,17935203,200,1620,,https://sra-download.ncbi.nlm.nih.gov/traces/sra16/SRR/001139/SRR1166970,SRX469160,,WGS,RANDOM,GENOMIC,PAIRED,0,0,ILLUMINA,Illumina HiSeq 2000,SRP036874,PRJNA237670,,237670,SRS556480,SAMN02631023,simple,72407,Klebsiella pneumoniae subsp. pneumoniae,1772,,,,,,,no,,,,,NIAID-RML-RTS,SRA137681,,public,7953E64D1045A137D9E7D8E95B30AA41,3556D138C7204807A5F9B6C63551AA42
SRR1166971,2014-02-18 16:42:08,2014-02-12 05:29:15,16819844,3363968800,16819844,200,1525,,https://sra-download.ncbi.nlm.nih.gov/traces/sra16/SRR/001139/SRR1166971,SRX469161,,WGS,RANDOM,GENOMIC,PAIRED,0,0,ILLUMINA,Illumina HiSeq 2000,SRP036874,PRJNA237670,,237670,SRS556481,SAMN02631024,simple,72407,Klebsiella pneumoniae subsp. pneumoniae,1773,,,,,,,no,,,,,NIAID-RML-RTS,SRA137681,,public,D74A195C6547718B1A147E0EAC4FDDE7,A2D3937C9509370C2A582E5F6B0A5829
SRR1166972,2014-02-18 16:42:08,2014-02-11 12:34:43,14243152,2848630400,14243152,200,1291,,https://sra-download.ncbi.nlm.nih.gov/traces/sra16/SRR/001139/SRR1166972,SRX469162,,WGS,RANDOM,GENOMIC,PAIRED,0,0,ILLUMINA,Illumina HiSeq 2000,SRP036874,PRJNA237670,,237670,SRS556482,SAMN02631025,simple,72407,Klebsiella pneumoniae subsp. pneumoniae,1774,,,,,,,no,,,,,NIAID-RML-RTS,SRA137681,,public,6CAB9889EF31A1E82738E519F0FC08FD,C90330D84CACEDCA2A8EE6C8585B737F
SRR1166973,2014-02-18 16:42:08,2014-02-11 12:31:19,16982291,3396458200,16982291,200,1539,,https://sra-download.ncbi.nlm.nih.gov/traces/sra16/SRR/001139/SRR1166973,SRX469163,,WGS,RANDOM,GENOMIC,PAIRED,0,0,ILLUMINA,Illumina HiSeq 2000,SRP036874,PRJNA237670,,237670,SRS556483,SAMN02631026,simple,72407,Klebsiella pneumoniae subsp. pneumoniae,1775,,,,,,,no,,,,,NIAID-RML-RTS,SRA137681,,public,21B91E19A0702536FFB1E1FFE0D754DF,27B3D305D5E3AA8F66096969F6D94899
SRR1166974,2014-02-18 16:42:08,2014-02-11 11:35:40,15746127,3149225400,15746127,200,1425,,https://sra-download.ncbi.nlm.nih.gov/traces/sra16/SRR/001139/SRR1166974,SRX469164,,WGS,RANDOM,GENOMIC,PAIRED,0,0,ILLUMINA,Illumina HiSeq 2000,SRP036874,PRJNA237670,,237670,SRS556484,SAMN02631027,simple,72407,Klebsiella pneumoniae subsp. pneumoniae,1776,,,,,,,no,,,,,NIAID-RML-RTS,SRA137681,,public,0FFF455505A62D3EE71B46D01994CF31,F1043AD768FD7F47BBCCBCC00E6BE231
SRR1166975,2014-02-18 16:42:08,2014-02-11 11:37:54,16696753,3339350600,16696753,200,1512,,https://sra-download.ncbi.nlm.nih.gov/traces/sra16/SRR/001139/SRR1166975,SRX469165,,WGS,RANDOM,GENOMIC,PAIRED,0,0,ILLUMINA,Illumina HiSeq 2000,SRP036874,PRJNA237670,,237670,SRS556485,SAMN02631028,simple,72407,Klebsiella pneumoniae subsp. pneumoniae,NJST258_1,,,,,,,no,,,,,NIAID-RML-RTS,SRA137681,,public,198D8FA3BD052E9F94AC36C55AF1C3AB,3C3352D049500C17ACA3847157BF17B3
SRR1166976,2014-02-18 16:42:08,2014-02-12 10:52:31,15127661,3025532200,15127661,200,1370,,https://sra-download.ncbi.nlm.nih.gov/traces/sra16/SRR/001139/SRR1166976,SRX469166,,WGS,RANDOM,GENOMIC,PAIRED,0,0,ILLUMINA,Illumina HiSeq 2000,SRP036874,PRJNA237670,,237670,SRS556486,SAMN02631029,simple,72407,Klebsiella pneumoniae subsp. pneumoniae,1778,,,,,,,no,,,,,NIAID-RML-RTS,SRA137681,,public,0D6124B782E45456BF0F1D6D088BC9FB,84DB0A6CAF8F645AD05FEDEEB1F0F42D
SRR1166977,2014-02-18 16:42:08,2014-02-12 10:52:07,13453205,2690641000,13453205,200,1222,,https://sra-download.ncbi.nlm.nih.gov/traces/sra16/SRR/001139/SRR1166977,SRX469167,,WGS,RANDOM,GENOMIC,PAIRED,0,0,ILLUMINA,Illumina HiSeq 2000,SRP036874,PRJNA237670,,237670,SRS556487,SAMN02631030,simple,72407,Klebsiella pneumoniae subsp. pneumoniae,1779,,,,,,,no,,,,,NIAID-RML-RTS,SRA137681,,public,966A2B2BD702ACCD3C135078C6095653,9FBC5281C83F53520C20209E82158776
SRR1166980,2014-02-18 16:42:08,2014-02-11 09:23:20,5585493,519450849,5585493,93,339,,https://sra-download.ncbi.nlm.nih.gov/traces/sra16/SRR/001139/SRR1166980,SRX469170,,WGS,RANDOM,GENOMIC,PAIRED,0,0,ILLUMINA,Illumina HiSeq 2000,SRP036874,PRJNA237670,,237670,SRS556490,SAMN02631033,simple,72407,Klebsiella pneumoniae subsp. pneumoniae,1782,,,,,,,no,,,,,NIAID-RML-RTS,SRA137681,,public,6EEDAC2AD8B65951D1B727A431AD707B,8AB0F220F0F803348AB287414624C82D
SRR1166981,2014-02-18 16:42:08,2014-02-11 08:30:32,10960356,1019313108,10960356,93,662,,https://sra-download.ncbi.nlm.nih.gov/traces/sra16/SRR/001139/SRR1166981,SRX469171,,WGS,RANDOM,GENOMIC,PAIRED,0,0,ILLUMINA,Illumina HiSeq 2000,SRP036874,PRJNA237670,,237670,SRS556491,SAMN02631034,simple,72407,Klebsiella pneumoniae subsp. pneumoniae,1783,,,,,,,no,,,,,NIAID-RML-RTS,SRA137681,,public,75DDBE8ABB28E906AEA96F1611A21259,87217FA193E176024AA74C51BC8D0CEA
SRR1166982,2014-02-18 16:42:08,2014-02-11 08:31:16,14891192,1384880856,14891192,93,896,,https://sra-download.ncbi.nlm.nih.gov/traces/sra16/SRR/001139/SRR1166982,SRX469172,,WGS,RANDOM,GENOMIC,PAIRED,0,0,ILLUMINA,Illumina HiSeq 2000,SRP036874,PRJNA237670,,237670,SRS556492,SAMN02631035,simple,72407,Klebsiella pneumoniae subsp. pneumoniae,1784,,,,,,,no,,,,,NIAID-RML-RTS,SRA137681,,public,3F2F769B8C71107FE181398D72497B1B,2E2107A78C3C0A7CE187207C2720D33F
SRR1166983,2014-02-18 16:42:08,2014-02-11 08:27:19,12788923,1189369839,12788923,93,773,,https://sra-download.ncbi.nlm.nih.gov/traces/sra16/SRR/001139/SRR1166983,SRX469173,,WGS,RANDOM,GENOMIC,PAIRED,0,0,ILLUMINA,Illumina HiSeq 2000,SRP036874,PRJNA237670,,237670,SRS556493,SAMN02631036,simple,72407,Klebsiella pneumoniae subsp. pneumoniae,1785,,,,,,,no,,,,,NIAID-RML-RTS,SRA137681,,public,766ADEDE186B88353BCD8018828FA2FE,D1D994A9093D1019FE2B215B2BB3366B
SRR1166984,2014-02-18 16:42:08,2014-02-11 08:28:20,19514527,1814851011,19514527,93,1178,,https://sra-download.ncbi.nlm.nih.gov/traces/sra16/SRR/001139/SRR1166984,SRX469174,,WGS,RANDOM,GENOMIC,PAIRED,0,0,ILLUMINA,Illumina HiSeq 2000,SRP036874,PRJNA237670,,237670,SRS556494,SAMN02631037,simple,72407,Klebsiella pneumoniae subsp. pneumoniae,1786,,,,,,,no,,,,,NIAID-RML-RTS,SRA137681,,public,F4AD8157A909F1D589C5A82E6C9FA29F,8E2EEB334DA08385DAE19E4BCD3310C9
SRR1166985,2014-02-18 16:42:08,2014-02-11 08:25:24,20084769,1867883517,20084769,93,1211,,https://sra-download.ncbi.nlm.nih.gov/traces/sra16/SRR/001139/SRR1166985,SRX469175,,WGS,RANDOM,GENOMIC,PAIRED,0,0,ILLUMINA,Illumina HiSeq 2000,SRP036874,PRJNA237670,,237670,SRS556495,SAMN02631038,simple,72407,Klebsiella pneumoniae subsp. pneumoniae,1787,,,,,,,no,,,,,NIAID-RML-RTS,SRA137681,,public,B00BC0C05A13CD219EE428EEAB7575AF,81C703D325E4EA9E7354E0240F5E2D15
SRR1166986,2014-02-18 16:42:08,2014-02-11 07:27:29,13651187,1269560391,13651187,93,824,,https://sra-download.ncbi.nlm.nih.gov/traces/sra16/SRR/001139/SRR1166986,SRX469176,,WGS,RANDOM,GENOMIC,PAIRED,0,0,ILLUMINA,Illumina HiSeq 2000,SRP036874,PRJNA237670,,237670,SRS556496,SAMN02631039,simple,72407,Klebsiella pneumoniae subsp. pneumoniae,1788,,,,,,,no,,,,,NIAID-RML-RTS,SRA137681,,public,2FE167BB3F0ABDFE45E56891727EEFE9,CF5CBAB8A86321C3740288329017A8AE
SRR1166987,2014-02-18 16:42:08,2014-02-11 07:31:15,15880275,1476865575,15880275,93,956,,https://sra-download.ncbi.nlm.nih.gov/traces/sra16/SRR/001139/SRR1166987,SRX469177,,WGS,RANDOM,GENOMIC,PAIRED,0,0,ILLUMINA,Illumina HiSeq 2000,SRP036874,PRJNA237670,,237670,SRS556497,SAMN02631040,simple,72407,Klebsiella pneumoniae subsp. pneumoniae,1789,,,,,,,no,,,,,NIAID-RML-RTS,SRA137681,,public,B564D41991D6CDC7038CC63D0D736068,59D30CF53BA8A1FBD32E17AEFEDB4287
SRR1166988,2014-02-18 16:42:08,2014-02-11 07:24:48,4965902,461828886,4965902,93,301,,https://sra-download.ncbi.nlm.nih.gov/traces/sra16/SRR/001139/SRR1166988,SRX469178,,WGS,RANDOM,GENOMIC,PAIRED,0,0,ILLUMINA,Illumina HiSeq 2000,SRP036874,PRJNA237670,,237670,SRS556498,SAMN02631041,simple,72407,Klebsiella pneumoniae subsp. pneumoniae,1790,,,,,,,no,,,,,NIAID-RML-RTS,SRA137681,,public,BB16EF2B75BF896C36CD3A812AA81F57,82F54FDC14EFDA4E117A0490028113BF
SRR1166989,2014-02-18 16:42:08,2014-02-11 07:28:39,8315323,773325039,8315323,93,507,,https://sra-download.ncbi.nlm.nih.gov/traces/sra16/SRR/001139/SRR1166989,SRX469179,,WGS,RANDOM,GENOMIC,PAIRED,0,0,ILLUMINA,Illumina HiSeq 2000,SRP036874,PRJNA237670,,237670,SRS556499,SAMN02631042,simple,72407,Klebsiella pneumoniae subsp. pneumoniae,1791,,,,,,,no,,,,,NIAID-RML-RTS,SRA137681,,public,DB97E00150559F10203597459885A09C,25BBE08CBB50FB5BD400FA100A7F6515
SRR1166990,2014-02-18 16:42:08,2014-02-11 07:25:07,21153200,1967247600,21153200,93,1286,,https://sra-download.ncbi.nlm.nih.gov/traces/sra16/SRR/001139/SRR1166990,SRX469180,,WGS,RANDOM,GENOMIC,PAIRED,0,0,ILLUMINA,Illumina HiSeq 2000,SRP036874,PRJNA237670,,237670,SRS556500,SAMN02631043,simple,72407,Klebsiella pneumoniae subsp. pneumoniae,1792,,,,,,,no,,,,,NIAID-RML-RTS,SRA137681,,public,967F718E441AF5E2B50FADBAE6BED6D0,576278DB99C8BE5D9008E8F910FC4BAD
SRR1166991,2014-02-18 16:42:08,2014-02-11 06:35:34,9314932,866288676,9314932,93,570,,https://sra-download.ncbi.nlm.nih.gov/traces/sra16/SRR/001139/SRR1166991,SRX469181,,WGS,RANDOM,GENOMIC,PAIRED,0,0,ILLUMINA,Illumina HiSeq 2000,SRP036874,PRJNA237670,,237670,SRS556501,SAMN02631044,simple,72407,Klebsiella pneumoniae subsp. pneumoniae,1793,,,,,,,no,,,,,NIAID-RML-RTS,SRA137681,,public,002786FC4018D6C09411610E429A0319,0D4A37BC1BAB26ACD5DA4F716A5C8EE9
SRR1166992,2014-02-18 16:42:08,2014-02-11 06:29:55,11974967,1113671931,11974967,93,730,,https://sra-download.ncbi.nlm.nih.gov/traces/sra16/SRR/001139/SRR1166992,SRX469182,,WGS,RANDOM,GENOMIC,PAIRED,0,0,ILLUMINA,Illumina HiSeq 2000,SRP036874,PRJNA237670,,237670,SRS556502,SAMN02631045,simple,72407,Klebsiella pneumoniae subsp. pneumoniae,1794,,,,,,,no,,,,,NIAID-RML-RTS,SRA137681,,public,08F0FFA6ED062A93B32B052BACD91A15,5C1CDB48D677EDE4A504BCFCB202963E
SRR1166993,2014-02-18 16:42:08,2014-02-11 06:30:53,17673718,1643655774,17673718,93,1074,,https://sra-download.ncbi.nlm.nih.gov/traces/sra16/SRR/001139/SRR1166993,SRX469183,,WGS,RANDOM,GENOMIC,PAIRED,0,0,ILLUMINA,Illumina HiSeq 2000,SRP036874,PRJNA237670,,237670,SRS556503,SAMN02631046,simple,72407,Klebsiella pneumoniae subsp. pneumoniae,1795,,,,,,,no,,,,,NIAID-RML-RTS,SRA137681,,public,892246549F32635161EE4FA62DCE7B81,E4B3E265D0130AF042667149C8DC923F
SRR1166994,2014-02-18 16:42:08,2014-02-11 06:30:09,14884709,1384277937,14884709,93,907,,https://sra-download.ncbi.nlm.nih.gov/traces/sra16/SRR/001139/SRR1166994,SRX469184,,WGS,RANDOM,GENOMIC,PAIRED,0,0,ILLUMINA,Illumina HiSeq 2000,SRP036874,PRJNA237670,,237670,SRS556504,SAMN02631047,simple,72407,Klebsiella pneumoniae subsp. pneumoniae,1796,,,,,,,no,,,,,NIAID-RML-RTS,SRA137681,,public,F64567358D6BDD145EC3C75D162DFA76,E87C659B60AAC65CAA2530E2E4833A09
SRR1166995,2014-02-18 16:42:08,2014-02-11 05:40:43,17922095,1666754835,17922095,93,1091,,https://sra-download.ncbi.nlm.nih.gov/traces/sra16/SRR/001139/SRR1166995,SRX469185,,WGS,RANDOM,GENOMIC,PAIRED,0,0,ILLUMINA,Illumina HiSeq 2000,SRP036874,PRJNA237670,,237670,SRS556505,SAMN02631048,simple,72407,Klebsiella pneumoniae subsp. pneumoniae,1797,,,,,,,no,,,,,NIAID-RML-RTS,SRA137681,,public,E0E48B05FCAE7B7B957966BBD04989CA,A26050EF7AB1F5494934444D91FC0154
SRR1166996,2014-02-18 16:42:08,2014-02-11 05:30:23,13924138,1294944834,13924138,93,848,,https://sra-download.ncbi.nlm.nih.gov/traces/sra16/SRR/001139/SRR1166996,SRX469186,,WGS,RANDOM,GENOMIC,PAIRED,0,0,ILLUMINA,Illumina HiSeq 2000,SRP036874,PRJNA237670,,237670,SRS556506,SAMN02631049,simple,72407,Klebsiella pneumoniae subsp. pneumoniae,1798,,,,,,,no,,,,,NIAID-RML-RTS,SRA137681,,public,1E4137E0F791E00AF853CF25B76482C7,DD7C29366F926EFE52673A63939A8C34
SRR1166997,2014-02-18 16:42:08,2014-02-11 05:29:18,7782615,723783195,7782615,93,474,,https://sra-download.ncbi.nlm.nih.gov/traces/sra16/SRR/001139/SRR1166997,SRX469187,,WGS,RANDOM,GENOMIC,PAIRED,0,0,ILLUMINA,Illumina HiSeq 2000,SRP036874,PRJNA237670,,237670,SRS556507,SAMN02631050,simple,72407,Klebsiella pneumoniae subsp. pneumoniae,1800,,,,,,,no,,,,,NIAID-RML-RTS,SRA137681,,public,5FFFA5A05D26EBB8A5D6B5F9426C88D2,D4408E40124FF1414D2DDB6CBCABFAC7
SRR1166998,2014-02-18 16:42:08,2014-02-11 05:30:12,14057266,1307325738,14057266,93,859,,https://sra-download.ncbi.nlm.nih.gov/traces/sra16/SRR/001139/SRR1166998,SRX469188,,WGS,RANDOM,GENOMIC,PAIRED,0,0,ILLUMINA,Illumina HiSeq 2000,SRP036874,PRJNA237670,,237670,SRS556508,SAMN02631051,simple,72407,Klebsiella pneumoniae subsp. pneumoniae,1801,,,,,,,no,,,,,NIAID-RML-RTS,SRA137681,,public,9789F5DCB33C9FC902A3DE5AB955DC9B,BC9E068E4DA44A7044FB96A2545E9ECE
SRR1166999,2014-02-18 16:42:08,2014-02-11 05:24:43,10236302,951976086,10236302,93,625,,https://sra-download.ncbi.nlm.nih.gov/traces/sra16/SRR/001139/SRR1166999,SRX469189,,WGS,RANDOM,GENOMIC,PAIRED,0,0,ILLUMINA,Illumina HiSeq 2000,SRP036874,PRJNA237670,,237670,SRS556509,SAMN02631052,simple,72407,Klebsiella pneumoniae subsp. pneumoniae,1802,,,,,,,no,,,,,NIAID-RML-RTS,SRA137681,,public,512BB168B3C75AE112BE45FFDE2B042C,BC6CC046D748123376336E065F90F273
SRR1167000,2014-02-18 16:42:08,2014-02-11 05:31:43,24122582,2243400126,24122582,93,1467,,https://sra-download.ncbi.nlm.nih.gov/traces/sra16/SRR/001139/SRR1167000,SRX469190,,WGS,RANDOM,GENOMIC,PAIRED,0,0,ILLUMINA,Illumina HiSeq 2000,SRP036874,PRJNA237670,,237670,SRS556510,SAMN02631053,simple,72407,Klebsiella pneumoniae subsp. pneumoniae,1803,,,,,,,no,,,,,NIAID-RML-RTS,SRA137681,,public,4BF6AAF5AE726FFC5A4CF49CF1951153,889B1F1E5758F117F36B27BA071DFCDF
SRR1167001,2014-02-18 16:42:08,2014-02-11 04:23:24,14186454,1319340222,14186454,93,870,,https://sra-download.ncbi.nlm.nih.gov/traces/sra16/SRR/001139/SRR1167001,SRX469191,,WGS,RANDOM,GENOMIC,PAIRED,0,0,ILLUMINA,Illumina HiSeq 2000,SRP036874,PRJNA237670,,237670,SRS556511,SAMN02631054,simple,72407,Klebsiella pneumoniae subsp. pneumoniae,1804,,,,,,,no,,,,,NIAID-RML-RTS,SRA137681,,public,C6B8F16AB6D46F8D709D808202CE19A2,CE3532FD21C61E638E92E4858C0C6269
SRR1167002,2014-02-18 16:42:08,2014-02-11 04:17:03,7987977,742881861,7987977,93,488,,https://sra-download.ncbi.nlm.nih.gov/traces/sra16/SRR/001139/SRR1167002,SRX469192,,WGS,RANDOM,GENOMIC,PAIRED,0,0,ILLUMINA,Illumina HiSeq 2000,SRP036874,PRJNA237670,,237670,SRS556512,SAMN02631055,simple,72407,Klebsiella pneumoniae subsp. pneumoniae,1805,,,,,,,no,,,,,NIAID-RML-RTS,SRA137681,,public,4310F2DF8742DB62FFE83780464B8E36,FFE474A0E2DAE896AE64E07EAB739297
SRR1167003,2014-02-18 16:42:08,2014-02-11 04:13:02,11465805,1066319865,11465805,93,698,,https://sra-download.ncbi.nlm.nih.gov/traces/sra16/SRR/001139/SRR1167003,SRX469193,,WGS,RANDOM,GENOMIC,PAIRED,0,0,ILLUMINA,Illumina HiSeq 2000,SRP036874,PRJNA237670,,237670,SRS556513,SAMN02631056,simple,72407,Klebsiella pneumoniae subsp. pneumoniae,1806,,,,,,,no,,,,,NIAID-RML-RTS,SRA137681,,public,105510C0CDA742CBA224255EEB89F7FD,960B57AC19CF3A6D167AEE9F88918DFC
SRR1167004,2014-02-18 16:42:08,2014-02-11 04:14:15,17309566,1609789638,17309566,93,1057,,https://sra-download.ncbi.nlm.nih.gov/traces/sra16/SRR/001139/SRR1167004,SRX469194,,WGS,RANDOM,GENOMIC,PAIRED,0,0,ILLUMINA,Illumina HiSeq 2000,SRP036874,PRJNA237670,,237670,SRS556514,SAMN02631057,simple,72407,Klebsiella pneumoniae subsp. pneumoniae,1807,,,,,,,no,,,,,NIAID-RML-RTS,SRA137681,,public,862E5024084F8B1027B487EC8D1BC89A,0A8609EA946D3E200E223431C23A830E
SRR1167005,2014-02-18 16:42:08,2014-02-11 04:14:45,24414382,2270537526,24414382,93,1487,,https://sra-download.ncbi.nlm.nih.gov/traces/sra16/SRR/001139/SRR1167005,SRX469195,,WGS,RANDOM,GENOMIC,PAIRED,0,0,ILLUMINA,Illumina HiSeq 2000,SRP036874,PRJNA237670,,237670,SRS556515,SAMN02631058,simple,72407,Klebsiella pneumoniae subsp. pneumoniae,1808,,,,,,,no,,,,,NIAID-RML-RTS,SRA137681,,public,85BA3A2CAB362FE1446585E04E7B6167,04D2616EA8D826E5D5A2BDB366FCF13A
SRR1167006,2014-02-18 16:42:08,2014-02-11 03:14:57,30362989,2823757977,30362989,93,1848,,https://sra-download.ncbi.nlm.nih.gov/traces/sra16/SRR/001139/SRR1167006,SRX469196,,WGS,RANDOM,GENOMIC,PAIRED,0,0,ILLUMINA,Illumina HiSeq 2000,SRP036874,PRJNA237670,,237670,SRS556516,SAMN02631059,simple,72407,Klebsiella pneumoniae subsp. pneumoniae,1809,,,,,,,no,,,,,NIAID-RML-RTS,SRA137681,,public,A31B4A4E33E329783DD0E96C7A8F5B27,90B996BF26F7BA10576C6EE91E7B25D4
SRR1167007,2014-02-18 16:42:08,2014-02-11 03:09:47,15426852,1434697236,15426852,93,941,,https://sra-download.ncbi.nlm.nih.gov/traces/sra16/SRR/001139/SRR1167007,SRX469197,,WGS,RANDOM,GENOMIC,PAIRED,0,0,ILLUMINA,Illumina HiSeq 2000,SRP036874,PRJNA237670,,237670,SRS556517,SAMN02631060,simple,72407,Klebsiella pneumoniae subsp. pneumoniae,1810,,,,,,,no,,,,,NIAID-RML-RTS,SRA137681,,public,4A168E446652E61D3193263BDA80177E,D90A54FAA65771165BD0E224ADB1E292
SRR1167008,2014-02-18 16:42:08,2014-02-11 02:19:25,12072821,1122772353,12072821,93,736,,https://sra-download.ncbi.nlm.nih.gov/traces/sra16/SRR/001139/SRR1167008,SRX469198,,WGS,RANDOM,GENOMIC,PAIRED,0,0,ILLUMINA,Illumina HiSeq 2000,SRP036874,PRJNA237670,,237670,SRS556518,SAMN02631061,simple,72407,Klebsiella pneumoniae subsp. pneumoniae,1811,,,,,,,no,,,,,NIAID-RML-RTS,SRA137681,,public,7C5F71EF05C382B616BA97BA82596A0A,05C861016D6EAC8AAE63F2E260A9CD67
SRR1167009,2014-02-18 16:42:08,2014-02-11 02:14:58,8655061,804920673,8655061,93,530,,https://sra-download.ncbi.nlm.nih.gov/traces/sra16/SRR/001139/SRR1167009,SRX469199,,WGS,RANDOM,GENOMIC,PAIRED,0,0,ILLUMINA,Illumina HiSeq 2000,SRP036874,PRJNA237670,,237670,SRS556519,SAMN02631062,simple,72407,Klebsiella pneumoniae subsp. pneumoniae,1812,,,,,,,no,,,,,NIAID-RML-RTS,SRA137681,,public,BCDA2C815D797C38EF4C089581F92152,352129D3DCBBA146F95E239A46D7AAAE
SRR1167010,2014-02-18 16:42:08,2014-02-11 02:15:56,13437433,1249681269,13437433,93,836,,https://sra-download.ncbi.nlm.nih.gov/traces/sra16/SRR/001139/SRR1167010,SRX469200,,WGS,RANDOM,GENOMIC,PAIRED,0,0,ILLUMINA,Illumina HiSeq 2000,SRP036874,PRJNA237670,,237670,SRS556520,SAMN02631063,simple,72407,Klebsiella pneumoniae subsp. pneumoniae,1813,,,,,,,no,,,,,NIAID-RML-RTS,SRA137681,,public,B3D81422029F066F3525907C09F9F390,98A546FA730FA170FB0B3DD52C335F9D
SRR1167011,2014-02-18 16:42:08,2014-02-11 02:13:15,12765416,1187183688,12765416,93,793,,https://sra-download.ncbi.nlm.nih.gov/traces/sra16/SRR/001139/SRR1167011,SRX469201,,WGS,RANDOM,GENOMIC,PAIRED,0,0,ILLUMINA,Illumina HiSeq 2000,SRP036874,PRJNA237670,,237670,SRS556521,SAMN02631064,simple,72407,Klebsiella pneumoniae subsp. pneumoniae,1814,,,,,,,no,,,,,NIAID-RML-RTS,SRA137681,,public,73424E9990C3519E7889026466C2D11C,733FE74B4C86EB6CE01947CD5D35F17B
SRR1167012,2014-02-18 16:42:08,2014-02-11 02:06:03,7384629,686770497,7384629,93,461,,https://sra-download.ncbi.nlm.nih.gov/traces/sra16/SRR/001139/SRR1167012,SRX469202,,WGS,RANDOM,GENOMIC,PAIRED,0,0,ILLUMINA,Illumina HiSeq 2000,SRP036874,PRJNA237670,,237670,SRS556522,SAMN02631065,simple,72407,Klebsiella pneumoniae subsp. pneumoniae,1815,,,,,,,no,,,,,NIAID-RML-RTS,SRA137681,,public,DF1F42879DFD3DECBC287051DD393998,3E4F6847694CE0BE152BD8D626D12F17
SRR1167013,2014-02-18 16:42:08,2014-02-11 02:02:56,10363141,963772113,10363141,93,644,,https://sra-download.ncbi.nlm.nih.gov/traces/sra16/SRR/001139/SRR1167013,SRX469203,,WGS,RANDOM,GENOMIC,PAIRED,0,0,ILLUMINA,Illumina HiSeq 2000,SRP036874,PRJNA237670,,237670,SRS556523,SAMN02631066,simple,72407,Klebsiella pneumoniae subsp. pneumoniae,1816,,,,,,,no,,,,,NIAID-RML-RTS,SRA137681,,public,493E2E96750AD344A620EEB3E4B12F9C,DA4D831611F947F6159C13B2B81C7D24
SRR1167014,2014-02-18 16:42:08,2014-02-11 01:06:10,11367547,1057181871,11367547,93,707,,https://sra-download.ncbi.nlm.nih.gov/traces/sra16/SRR/001139/SRR1167014,SRX469204,,WGS,RANDOM,GENOMIC,PAIRED,0,0,ILLUMINA,Illumina HiSeq 2000,SRP036874,PRJNA237670,,237670,SRS556524,SAMN02631067,simple,72407,Klebsiella pneumoniae subsp. pneumoniae,1817,,,,,,,no,,,,,NIAID-RML-RTS,SRA137681,,public,3A132AFFE38DC3B9D336241150A93FF0,5DB8379E600A4CE09DF7846FE009F87F
SRR1167015,2014-02-18 16:42:08,2014-02-11 01:08:15,22021807,2048028051,22021807,93,1370,,https://sra-download.ncbi.nlm.nih.gov/traces/sra16/SRR/001139/SRR1167015,SRX469205,,WGS,RANDOM,GENOMIC,PAIRED,0,0,ILLUMINA,Illumina HiSeq 2000,SRP036874,PRJNA237670,,237670,SRS556525,SAMN02631068,simple,72407,Klebsiella pneumoniae subsp. pneumoniae,1818,,,,,,,no,,,,,NIAID-RML-RTS,SRA137681,,public,C476609EF6D662E841A1B7D1BDFE4C8D,64AA432AAF45AB1BF26992A7A1D6D80C
SRR1167016,2014-02-18 16:42:08,2014-02-11 01:04:44,23006081,2139565533,23006081,93,1429,,https://sra-download.ncbi.nlm.nih.gov/traces/sra16/SRR/001139/SRR1167016,SRX469206,,WGS,RANDOM,GENOMIC,PAIRED,0,0,ILLUMINA,Illumina HiSeq 2000,SRP036874,PRJNA237670,,237670,SRS556526,SAMN02631069,simple,72407,Klebsiella pneumoniae subsp. pneumoniae,1819,,,,,,,no,,,,,NIAID-RML-RTS,SRA137681,,public,8CE0900EBCF1178AD9C027F87C0B492A,0D79D709AE3EE4BBF7D8443ABA6772C0
SRR1167017,2014-02-18 16:42:08,2014-02-11 00:06:52,9276709,862733937,9276709,93,577,,https://sra-download.ncbi.nlm.nih.gov/traces/sra16/SRR/001139/SRR1167017,SRX469207,,WGS,RANDOM,GENOMIC,PAIRED,0,0,ILLUMINA,Illumina HiSeq 2000,SRP036874,PRJNA237670,,237670,SRS556527,SAMN02631070,simple,72407,Klebsiella pneumoniae subsp. pneumoniae,1820,,,,,,,no,,,,,NIAID-RML-RTS,SRA137681,,public,753F1DDEBB43348DE70966394A12EF0B,F447FA8536ACCDC129818350D198E9C0
SRR1167018,2014-02-18 16:42:08,2014-02-11 00:11:30,16457565,1530553545,16457565,93,1024,,https://sra-download.ncbi.nlm.nih.gov/traces/sra16/SRR/001139/SRR1167018,SRX469208,,WGS,RANDOM,GENOMIC,PAIRED,0,0,ILLUMINA,Illumina HiSeq 2000,SRP036874,PRJNA237670,,237670,SRS556529,SAMN02631071,simple,72407,Klebsiella pneumoniae subsp. pneumoniae,1821,,,,,,,no,,,,,NIAID-RML-RTS,SRA137681,,public,CC127419318C459E9A80D76C25C7A086,BA4816047328E53FEF7680A6924E5AE7
SRR1167019,2014-02-18 16:42:08,2014-02-11 00:12:50,24606100,2288367300,24606100,93,1528,,https://sra-download.ncbi.nlm.nih.gov/traces/sra16/SRR/001139/SRR1167019,SRX469209,,WGS,RANDOM,GENOMIC,PAIRED,0,0,ILLUMINA,Illumina HiSeq 2000,SRP036874,PRJNA237670,,237670,SRS556528,SAMN02631072,simple,72407,Klebsiella pneumoniae subsp. pneumoniae,1822,,,,,,,no,,,,,NIAID-RML-RTS,SRA137681,,public,185AFE8103AA4F65DFF03FFA942FE3A7,0148433D3EE7AC6BA727BFED5D73631E
SRR1167020,2014-02-18 16:42:08,2014-02-11 00:05:54,13072130,1215708090,13072130,93,816,,https://sra-download.ncbi.nlm.nih.gov/traces/sra16/SRR/001139/SRR1167020,SRX469210,,WGS,RANDOM,GENOMIC,PAIRED,0,0,ILLUMINA,Illumina HiSeq 2000,SRP036874,PRJNA237670,,237670,SRS556530,SAMN02631073,simple,72407,Klebsiella pneumoniae subsp. pneumoniae,1823,,,,,,,no,,,,,NIAID-RML-RTS,SRA137681,,public,49CC9FE38B6A99FD3595B9FBE31400E6,11F815CEDB03AD3D8E96CF26876371CD
SRR1167021,2014-02-18 16:43:08,2014-02-10 23:12:49,30101686,2799456798,30101686,93,1826,,https://sra-download.ncbi.nlm.nih.gov/traces/sra16/SRR/001139/SRR1167021,SRX469211,,WGS,RANDOM,GENOMIC,PAIRED,0,0,ILLUMINA,Illumina HiSeq 2000,SRP036874,PRJNA237670,,237670,SRS556531,SAMN02631074,simple,72407,Klebsiella pneumoniae subsp. pneumoniae,1824,,,,,,,no,,,,,NIAID-RML-RTS,SRA137681,,public,CF5A6F700CCE76F8776C59842820877D,1A1A24111C7996F26B152EB82063BFC0
SRR1167022,2014-02-18 16:43:08,2014-02-10 23:12:16,26455482,2460359826,26455482,93,1605,,https://sra-download.ncbi.nlm.nih.gov/traces/sra16/SRR/001139/SRR1167022,SRX469212,,WGS,RANDOM,GENOMIC,PAIRED,0,0,ILLUMINA,Illumina HiSeq 2000,SRP036874,PRJNA237670,,237670,SRS556532,SAMN02631075,simple,72407,Klebsiella pneumoniae subsp. pneumoniae,1825,,,,,,,no,,,,,NIAID-RML-RTS,SRA137681,,public,A4CAFDD60145F7325F44090F3E4F83E5,089D65D2C13F1436C9F5C2C2DD2E66AF
SRR1167023,2014-02-18 16:43:08,2014-02-10 23:10:52,17873247,1662211971,17873247,93,1091,,https://sra-download.ncbi.nlm.nih.gov/traces/sra16/SRR/001139/SRR1167023,SRX469213,,WGS,RANDOM,GENOMIC,PAIRED,0,0,ILLUMINA,Illumina HiSeq 2000,SRP036874,PRJNA237670,,237670,SRS556533,SAMN02631076,simple,72407,Klebsiella pneumoniae subsp. pneumoniae,1826,,,,,,,no,,,,,NIAID-RML-RTS,SRA137681,,public,4043B18FB9B1DE970F3547B98BCE7ECA,920D50FF65A03A58951A25307FEE454B
SRR1167024,2014-02-18 16:43:08,2014-02-10 22:09:13,15724976,1462422768,15724976,93,956,,https://sra-download.ncbi.nlm.nih.gov/traces/sra16/SRR/001139/SRR1167024,SRX469214,,WGS,RANDOM,GENOMIC,PAIRED,0,0,ILLUMINA,Illumina HiSeq 2000,SRP036874,PRJNA237670,,237670,SRS556534,SAMN02631077,simple,72407,Klebsiella pneumoniae subsp. pneumoniae,1827,,,,,,,no,,,,,NIAID-RML-RTS,SRA137681,,public,37AC6299387B10CD3938B229D70BFC0B,92AF3FA280EFC4E5CEA315C7074B5F67
SRR1167025,2014-02-18 16:43:08,2014-02-10 22:02:07,9876168,918483624,9876168,93,600,,https://sra-download.ncbi.nlm.nih.gov/traces/sra16/SRR/001139/SRR1167025,SRX469215,,WGS,RANDOM,GENOMIC,PAIRED,0,0,ILLUMINA,Illumina HiSeq 2000,SRP036874,PRJNA237670,,237670,SRS556535,SAMN02631078,simple,72407,Klebsiella pneumoniae subsp. pneumoniae,1828,,,,,,,no,,,,,NIAID-RML-RTS,SRA137681,,public,5AC870586F6AA0BEE926F2DE2BE2CA4D,022EF7B6718A72082A6E076315ADDF3E
SRR1167026,2014-02-18 16:43:08,2014-02-10 21:08:24,18609885,1730719305,18609885,93,1128,,https://sra-download.ncbi.nlm.nih.gov/traces/sra16/SRR/001139/SRR1167026,SRX469216,,WGS,RANDOM,GENOMIC,PAIRED,0,0,ILLUMINA,Illumina HiSeq 2000,SRP036874,PRJNA237670,,237670,SRS556536,SAMN02631079,simple,72407,Klebsiella pneumoniae subsp. pneumoniae,1829,,,,,,,no,,,,,NIAID-RML-RTS,SRA137681,,public,E678FED4EF8645E228D02A9AFF9A8C78,9D83E05997401A5AD595E74CB89A8E7A
SRR1167027,2014-02-18 16:43:08,2014-02-10 21:09:51,32664184,3037769112,32664184,93,1981,,https://sra-download.ncbi.nlm.nih.gov/traces/sra16/SRR/001139/SRR1167027,SRX469217,,WGS,RANDOM,GENOMIC,PAIRED,0,0,ILLUMINA,Illumina HiSeq 2000,SRP036874,PRJNA237670,,237670,SRS556537,SAMN02631080,simple,72407,Klebsiella pneumoniae subsp. pneumoniae,1830,,,,,,,no,,,,,NIAID-RML-RTS,SRA137681,,public,BBA5D63198AB1209CB1A9C003C3AA39D,54C05DCBF8626F549DA85035235DB411
SRR1167028,2014-02-18 16:43:08,2014-02-10 20:01:17,12337794,1147414842,12337794,93,751,,https://sra-download.ncbi.nlm.nih.gov/traces/sra16/SRR/001139/SRR1167028,SRX469218,,WGS,RANDOM,GENOMIC,PAIRED,0,0,ILLUMINA,Illumina HiSeq 2000,SRP036874,PRJNA237670,,237670,SRS556538,SAMN02631081,simple,72407,Klebsiella pneumoniae subsp. pneumoniae,1831,,,,,,,no,,,,,NIAID-RML-RTS,SRA137681,,public,83C06DAB51718107159A364270A8F7D0,1A71526927909686BD9D685D2D0C520B
SRR1166945,2014-02-18 16:41:07,2014-02-11 21:19:30,26299676,2445869868,26299676,93,1586,,https://sra-download.ncbi.nlm.nih.gov/traces/sra16/SRR/001139/SRR1166945,SRX469135,,WGS,RANDOM,GENOMIC,PAIRED,0,0,ILLUMINA,Illumina HiSeq 2000,SRP036874,PRJNA237670,,237670,SRS556455,SAMN02630998,simple,72407,Klebsiella pneumoniae subsp. pneumoniae,1747,,,,,,,no,,,,,NIAID-RML-RTS,SRA137681,,public,002C671AC99E38AEA47F161DDC8D2021,CDCB2D2429593796B877428E27180B7A
SRR1166946,2014-02-18 16:41:07,2014-02-11 20:26:03,26679395,2481183735,26679395,93,1607,,https://sra-download.ncbi.nlm.nih.gov/traces/sra16/SRR/001139/SRR1166946,SRX469136,,WGS,RANDOM,GENOMIC,PAIRED,0,0,ILLUMINA,Illumina HiSeq 2000,SRP036874,PRJNA237670,,237670,SRS556456,SAMN02630999,simple,72407,Klebsiella pneumoniae subsp. pneumoniae,1748,,,,,,,no,,,,,NIAID-RML-RTS,SRA137681,,public,98E35D20171E4520B88B77C410AE19D9,2DC7B20157C4335380D574A96BEF1E7D
SRR1166947,2014-02-18 16:42:08,2014-02-11 20:18:01,8673772,806660796,8673772,93,527,,https://sra-download.ncbi.nlm.nih.gov/traces/sra16/SRR/001139/SRR1166947,SRX469137,,WGS,RANDOM,GENOMIC,PAIRED,0,0,ILLUMINA,Illumina HiSeq 2000,SRP036874,PRJNA237670,,237670,SRS556457,SAMN02631000,simple,72407,Klebsiella pneumoniae subsp. pneumoniae,1749,,,,,,,no,,,,,NIAID-RML-RTS,SRA137681,,public,151B3EE251CF7188E95F4295228A5F17,BCBA73E1C43CD5DC7B4EA07984BA7682
SRR1166948,2014-02-18 16:42:08,2014-02-11 20:18:41,13535609,1258811637,13535609,93,818,,https://sra-download.ncbi.nlm.nih.gov/traces/sra16/SRR/001139/SRR1166948,SRX469138,,WGS,RANDOM,GENOMIC,PAIRED,0,0,ILLUMINA,Illumina HiSeq 2000,SRP036874,PRJNA237670,,237670,SRS556458,SAMN02631001,simple,72407,Klebsiella pneumoniae subsp. pneumoniae,1750,,,,,,,no,,,,,NIAID-RML-RTS,SRA137681,,public,5EB2433BE08F5D670227486D18D06353,A1895FC5373B06CD2A7BA8AEB93A335D
SRR1166949,2014-02-18 16:42:08,2014-02-11 20:14:31,8530647,793350171,8530647,93,514,,https://sra-download.ncbi.nlm.nih.gov/traces/sra16/SRR/001139/SRR1166949,SRX469139,,WGS,RANDOM,GENOMIC,PAIRED,0,0,ILLUMINA,Illumina HiSeq 2000,SRP036874,PRJNA237670,,237670,SRS556459,SAMN02631002,simple,72407,Klebsiella pneumoniae subsp. pneumoniae,1751,,,,,,,no,,,,,NIAID-RML-RTS,SRA137681,,public,44404B321C9FD51BC1FB67BE00960ECC,35D111CC536FE7E2DD2D469290F227A9
SRR1166950,2014-02-18 16:42:08,2014-02-11 19:33:08,9678713,900120309,9678713,93,586,,https://sra-download.ncbi.nlm.nih.gov/traces/sra16/SRR/001139/SRR1166950,SRX469140,,WGS,RANDOM,GENOMIC,PAIRED,0,0,ILLUMINA,Illumina HiSeq 2000,SRP036874,PRJNA237670,,237670,SRS556460,SAMN02631003,simple,72407,Klebsiella pneumoniae subsp. pneumoniae,1752,,,,,,,no,,,,,NIAID-RML-RTS,SRA137681,,public,4B1B9F14E16C36857B86081B9571D141,68497BA0E7805517B9CDDBFF713A509C
SRR1166951,2014-02-18 16:42:08,2014-02-11 19:27:57,9550156,888164508,9550156,93,577,,https://sra-download.ncbi.nlm.nih.gov/traces/sra16/SRR/001139/SRR1166951,SRX469141,,WGS,RANDOM,GENOMIC,PAIRED,0,0,ILLUMINA,Illumina HiSeq 2000,SRP036874,PRJNA237670,,237670,SRS556461,SAMN02631004,simple,72407,Klebsiella pneumoniae subsp. pneumoniae,1753,,,,,,,no,,,,,NIAID-RML-RTS,SRA137681,,public,40B60B7D7DABE673FDFA1B4D9FDACC89,6457966B83D3046F0F376FF96FC3B700
SRR1166952,2014-02-18 16:42:08,2014-02-11 19:23:56,21849569,2032009917,21849569,93,1320,,https://sra-download.ncbi.nlm.nih.gov/traces/sra16/SRR/001139/SRR1166952,SRX469142,,WGS,RANDOM,GENOMIC,PAIRED,0,0,ILLUMINA,Illumina HiSeq 2000,SRP036874,PRJNA237670,,237670,SRS556462,SAMN02631005,simple,72407,Klebsiella pneumoniae subsp. pneumoniae,1754,,,,,,,no,,,,,NIAID-RML-RTS,SRA137681,,public,794B736D3AD4D6DD8EBA199C50623CF9,84B37B730F5ED219ED8D2BD2C4A42907
SRR1166953,2014-02-18 16:42:08,2014-02-11 19:23:43,17771761,1652773773,17771761,93,1073,,https://sra-download.ncbi.nlm.nih.gov/traces/sra16/SRR/001139/SRR1166953,SRX469143,,WGS,RANDOM,GENOMIC,PAIRED,0,0,ILLUMINA,Illumina HiSeq 2000,SRP036874,PRJNA237670,,237670,SRS556463,SAMN02631006,simple,72407,Klebsiella pneumoniae subsp. pneumoniae,1755,,,,,,,no,,,,,NIAID-RML-RTS,SRA137681,,public,6E406EB3F5E1082B6400EEDB0FB02135,C81C1E7A7050331464BB8F0551036EF9
SRR1166954,2014-02-18 16:42:08,2014-02-11 19:04:33,22191453,2063805129,22191453,93,1338,,https://sra-download.ncbi.nlm.nih.gov/traces/sra16/SRR/001139/SRR1166954,SRX469144,,WGS,RANDOM,GENOMIC,PAIRED,0,0,ILLUMINA,Illumina HiSeq 2000,SRP036874,PRJNA237670,,237670,SRS556464,SAMN02631007,simple,72407,Klebsiella pneumoniae subsp. pneumoniae,1756,,,,,,,no,,,,,NIAID-RML-RTS,SRA137681,,public,7DECAD135B853A86276742F773B338E7,BC409F7A71D84296C899C7472DF1345D
SRR1166955,2014-02-18 16:42:08,2014-02-11 19:02:36,15089931,1403363583,15089931,93,915,,https://sra-download.ncbi.nlm.nih.gov/traces/sra16/SRR/001139/SRR1166955,SRX469145,,WGS,RANDOM,GENOMIC,PAIRED,0,0,ILLUMINA,Illumina HiSeq 2000,SRP036874,PRJNA237670,,237670,SRS556465,SAMN02631008,simple,72407,Klebsiella pneumoniae subsp. pneumoniae,1757,,,,,,,no,,,,,NIAID-RML-RTS,SRA137681,,public,767097FA81FB8739E359DC913997CCB4,D4925080E1E2C899342DF4328711DE18
SRR1166956,2014-02-18 16:42:08,2014-02-11 18:52:47,19563735,1819427355,19563735,93,1185,,https://sra-download.ncbi.nlm.nih.gov/traces/sra16/SRR/001139/SRR1166956,SRX469146,,WGS,RANDOM,GENOMIC,PAIRED,0,0,ILLUMINA,Illumina HiSeq 2000,SRP036874,PRJNA237670,,237670,SRS556466,SAMN02631009,simple,72407,Klebsiella pneumoniae subsp. pneumoniae,1758,,,,,,,no,,,,,NIAID-RML-RTS,SRA137681,,public,78FCAAB0ABFC70DE1B57F55ED7B0395F,E9873508881F9995D18FA47D423C142D
SRR1166957,2014-02-18 16:42:08,2014-02-11 18:52:54,14822827,1378522911,14822827,93,897,,https://sra-download.ncbi.nlm.nih.gov/traces/sra16/SRR/001139/SRR1166957,SRX469147,,WGS,RANDOM,GENOMIC,PAIRED,0,0,ILLUMINA,Illumina HiSeq 2000,SRP036874,PRJNA237670,,237670,SRS556467,SAMN02631010,simple,72407,Klebsiella pneumoniae subsp. pneumoniae,1759,,,,,,,no,,,,,NIAID-RML-RTS,SRA137681,,public,5B65A0532E1E2E8A9DAB81E61BF307F5,E25FDA311855A22BF0F4CD72F5E42320
SRR1166958,2014-02-18 16:42:08,2014-02-11 18:47:50,5860610,545036730,5860610,93,357,,https://sra-download.ncbi.nlm.nih.gov/traces/sra16/SRR/001139/SRR1166958,SRX469148,,WGS,RANDOM,GENOMIC,PAIRED,0,0,ILLUMINA,Illumina HiSeq 2000,SRP036874,PRJNA237670,,237670,SRS556468,SAMN02631011,simple,72407,Klebsiella pneumoniae subsp. pneumoniae,1760,,,,,,,no,,,,,NIAID-RML-RTS,SRA137681,,public,65B06DC8D505895335CE19996A4D027E,C8853D3F8CAD917A7BD39CF316CCAECC
SRR1166959,2014-02-18 16:42:08,2014-02-11 18:49:42,13383917,1244704281,13383917,93,812,,https://sra-download.ncbi.nlm.nih.gov/traces/sra16/SRR/001139/SRR1166959,SRX469149,,WGS,RANDOM,GENOMIC,PAIRED,0,0,ILLUMINA,Illumina HiSeq 2000,SRP036874,PRJNA237670,,237670,SRS556469,SAMN02631012,simple,72407,Klebsiella pneumoniae subsp. pneumoniae,1761,,,,,,,no,,,,,NIAID-RML-RTS,SRA137681,,public,B9E0819ED938C33F52FCA711C21923A3,367EAF6B32B243A1317FE02BA4C74624
SRR1166960,2014-02-18 16:42:08,2014-02-11 18:50:25,15868600,1475779800,15868600,93,960,,https://sra-download.ncbi.nlm.nih.gov/traces/sra16/SRR/001139/SRR1166960,SRX469150,,WGS,RANDOM,GENOMIC,PAIRED,0,0,ILLUMINA,Illumina HiSeq 2000,SRP036874,PRJNA237670,,237670,SRS556470,SAMN02631013,simple,72407,Klebsiella pneumoniae subsp. pneumoniae,1762,,,,,,,no,,,,,NIAID-RML-RTS,SRA137681,,public,AFC95E61785685A7D1A5D5D381E20A0A,6250C37FBAE474F1F74DDD87661A9409
SRR1166961,2014-02-18 16:42:08,2014-02-11 18:51:26,25771388,2396739084,25771388,93,1562,,https://sra-download.ncbi.nlm.nih.gov/traces/sra16/SRR/001139/SRR1166961,SRX469151,,WGS,RANDOM,GENOMIC,PAIRED,0,0,ILLUMINA,Illumina HiSeq 2000,SRP036874,PRJNA237670,,237670,SRS556471,SAMN02631014,simple,72407,Klebsiella pneumoniae subsp. pneumoniae,1763,,,,,,,no,,,,,NIAID-RML-RTS,SRA137681,,public,0FD31671718E8978C76CF322BA065870,D2BECAE8704BAAB2BB6C1FA6C40AB7E2
SRR1166962,2014-02-18 16:42:08,2014-02-11 18:56:12,27399348,2548139364,27399348,93,1659,,https://sra-download.ncbi.nlm.nih.gov/traces/sra16/SRR/001139/SRR1166962,SRX469152,,WGS,RANDOM,GENOMIC,PAIRED,0,0,ILLUMINA,Illumina HiSeq 2000,SRP036874,PRJNA237670,,237670,SRS556472,SAMN02631015,simple,72407,Klebsiella pneumoniae subsp. pneumoniae,1764,,,,,,,no,,,,,NIAID-RML-RTS,SRA137681,,public,1736E2ACDC8C084B31A7EC1B898A4BFC,753E8CA9A8935F75DD92712CCEC439D5
SRR1166963,2014-02-18 16:42:08,2014-02-11 18:49:23,11551244,1074265692,11551244,93,701,,https://sra-download.ncbi.nlm.nih.gov/traces/sra16/SRR/001139/SRR1166963,SRX469153,,WGS,RANDOM,GENOMIC,PAIRED,0,0,ILLUMINA,Illumina HiSeq 2000,SRP036874,PRJNA237670,,237670,SRS556473,SAMN02631016,simple,72407,Klebsiella pneumoniae subsp. pneumoniae,1765,,,,,,,no,,,,,NIAID-RML-RTS,SRA137681,,public,74BE706DF4A15B255CC2ED219E9C75BB,67EC8D1578C92D1623E040F67EE7489F
SRR1166964,2014-02-18 16:42:08,2014-02-11 18:48:33,4940987,459511791,4940987,93,300,,https://sra-download.ncbi.nlm.nih.gov/traces/sra16/SRR/001139/SRR1166964,SRX469154,,WGS,RANDOM,GENOMIC,PAIRED,0,0,ILLUMINA,Illumina HiSeq 2000,SRP036874,PRJNA237670,,237670,SRS556474,SAMN02631017,simple,72407,Klebsiella pneumoniae subsp. pneumoniae,1766,,,,,,,no,,,,,NIAID-RML-RTS,SRA137681,,public,F6D2C1FBAB1F6923020486D012826259,183F14C9A3CBFF9AEA0E8E01C83356B6
SRR1166965,2014-02-18 16:42:08,2014-02-11 18:50:30,14663657,1363720101,14663657,93,889,,https://sra-download.ncbi.nlm.nih.gov/traces/sra16/SRR/001139/SRR1166965,SRX469155,,WGS,RANDOM,GENOMIC,PAIRED,0,0,ILLUMINA,Illumina HiSeq 2000,SRP036874,PRJNA237670,,237670,SRS556475,SAMN02631018,simple,72407,Klebsiella pneumoniae subsp. pneumoniae,1767,,,,,,,no,,,,,NIAID-RML-RTS,SRA137681,,public,67294C1C1C3DDD876458935D83096E51,8460AAAAFFD1B4BD8649380AC99EB0C3
SRR1166966,2014-02-18 16:42:08,2014-02-11 18:54:03,15827935,1471997955,15827935,93,962,,https://sra-download.ncbi.nlm.nih.gov/traces/sra16/SRR/001139/SRR1166966,SRX469156,,WGS,RANDOM,GENOMIC,PAIRED,0,0,ILLUMINA,Illumina HiSeq 2000,SRP036874,PRJNA237670,,237670,SRS556476,SAMN02631019,simple,72407,Klebsiella pneumoniae subsp. pneumoniae,1768,,,,,,,no,,,,,NIAID-RML-RTS,SRA137681,,public,EA7B0032EB5D7BE29FA7CC5817623DA0,D5C84F9C7DB89DB0FD3172FE8813E231
SRR1166978,2014-02-18 16:42:08,2014-02-11 09:31:45,18929974,1760487582,18929974,93,1141,,https://sra-download.ncbi.nlm.nih.gov/traces/sra16/SRR/001139/SRR1166978,SRX469168,,WGS,RANDOM,GENOMIC,PAIRED,0,0,ILLUMINA,Illumina HiSeq 2000,SRP036874,PRJNA237670,,237670,SRS556488,SAMN02631031,simple,72407,Klebsiella pneumoniae subsp. pneumoniae,1780,,,,,,,no,,,,,NIAID-RML-RTS,SRA137681,,public,36BDE4B6177F5F062814C77332B0CE4E,684E7CEC963DEE22ED1526798515E8F2
SRR1166979,2014-02-18 16:42:08,2014-02-11 09:33:24,32259586,3000141498,32259586,93,1940,,https://sra-download.ncbi.nlm.nih.gov/traces/sra16/SRR/001139/SRR1166979,SRX469169,,WGS,RANDOM,GENOMIC,PAIRED,0,0,ILLUMINA,Illumina HiSeq 2000,SRP036874,PRJNA237670,,237670,SRS556489,SAMN02631032,simple,72407,Klebsiella pneumoniae subsp. pneumoniae,1781,,,,,,,no,,,,,NIAID-RML-RTS,SRA137681,,public,4A4E6499A638115CE200782AB349DD53,D1CA2E200C56A731F7DD9F907C688BFA
