isolate,CHROM,GENE,POS,TYPE,REF,ALT,EVIDENCE,FTYPE,STRAND,NT_POS,AA_POS,EFFECT,LOCUS_TAG,PRODUCT
35077,NA,basS (pmrB) CDS,3272470,is_blast,NA,NA,NA,NA,NA,NA,NA,is_blast,KP0228_03718,NA
KP0177,NA,mgrB,1822211,is_blast,NA,NA,NA,NA,NA,NA,NA,is_blast,mgrB,NA
KP0542,NA,mgrB,1822211,is_blast,NA,NA,NA,NA,NA,NA,NA,is_blast,mgrB,NA
KP0551,NA,mgrB,1822211,is_blast,NA,NA,NA,NA,NA,NA,NA,is_blast,mgrB,NA
NR1091,NA,mgrB,1822211,is_blast,NA,NA,NA,NA,NA,NA,NA,is_blast,mgrB,NA
NR1362,NA,mgrB,1822211,is_blast,NA,NA,NA,NA,NA,NA,NA,is_blast,mgrB,NA
NR1585,NA,mgrB,1822211,is_blast,NA,NA,NA,NA,NA,NA,NA,is_blast,mgrB,NA
NR1644,NA,mgrB,1822211,is_blast,NA,NA,NA,NA,NA,NA,NA,is_blast,mgrB,NA
NR1750,NA,mgrB,1822211,is_blast,NA,NA,NA,NA,NA,NA,NA,is_blast,mgrB,NA
NR2357,NA,mgrB,1822211,is_blast,NA,NA,NA,NA,NA,NA,NA,is_blast,mgrB,NA
NR2393,NA,mgrB,1822211,is_blast,NA,NA,NA,NA,NA,NA,NA,is_blast,mgrB,NA
NR2419,NA,mgrB,1822211,is_blast,NA,NA,NA,NA,NA,NA,NA,is_blast,mgrB,NA
NR2567,NA,mgrB,1822211,is_blast,NA,NA,NA,NA,NA,NA,NA,is_blast,mgrB,NA
NR2625,NA,mgrB,1822211,is_blast,NA,NA,NA,NA,NA,NA,NA,is_blast,mgrB,NA
NR4114,NA,mgrB,1822211,is_blast,NA,NA,NA,NA,NA,NA,NA,is_blast,mgrB,NA
NR4191,NA,mgrB,1822211,is_blast,NA,NA,NA,NA,NA,NA,NA,is_blast,mgrB,NA
NR4977,NA,mgrB,1822211,is_blast,NA,NA,NA,NA,NA,NA,NA,is_blast,mgrB,NA
NR5053,NA,mgrB,1822211,is_blast,NA,NA,NA,NA,NA,NA,NA,is_blast,mgrB,NA
NR5056,NA,mgrB,1822211,is_blast,NA,NA,NA,NA,NA,NA,NA,is_blast,mgrB,NA
NR5057,NA,mgrB,1822211,is_blast,NA,NA,NA,NA,NA,NA,NA,is_blast,mgrB,NA
NR5060,NA,mgrB,1822211,is_blast,NA,NA,NA,NA,NA,NA,NA,is_blast,mgrB,NA
NR5064,NA,mgrB,1822211,is_blast,NA,NA,NA,NA,NA,NA,NA,is_blast,mgrB,NA
NR5066,NA,mgrB,1822211,is_blast,NA,NA,NA,NA,NA,NA,NA,is_blast,mgrB,NA
NR5068,NA,mgrB,1822211,is_blast,NA,NA,NA,NA,NA,NA,NA,is_blast,mgrB,NA
NR5077,NA,basS (pmrB) CDS,3272470,is_blast,NA,NA,NA,NA,NA,NA,NA,is_blast,KP0228_03718,NA
NR5080,NA,mgrB,1822211,is_blast,NA,NA,NA,NA,NA,NA,NA,is_blast,mgrB,NA
NR5082,NA,mgrB,1822211,is_blast,NA,NA,NA,NA,NA,NA,NA,is_blast,mgrB,NA
NR5082,NA,phoP 1 CDS,2104549,is_blast,NA,NA,NA,NA,NA,NA,NA,is_blast,KP0228_00230,NA
NR5085,NA,mgrB,1822211,is_blast,NA,NA,NA,NA,NA,NA,NA,is_blast,mgrB,NA
NR5087,NA,rstB 1 (crrB) CDS,2103491,is_blast,NA,NA,NA,NA,NA,NA,NA,is_blast,KP0228_00231,NA
NR5088,NA,mgrB,1822211,is_blast,NA,NA,NA,NA,NA,NA,NA,is_blast,mgrB,NA
NR5090,NA,mgrB,1822211,is_blast,NA,NA,NA,NA,NA,NA,NA,is_blast,mgrB,NA
NR5091,NA,mgrB,1822211,is_blast,NA,NA,NA,NA,NA,NA,NA,is_blast,mgrB,NA
NR5113,NA,mgrB,1822211,is_blast,NA,NA,NA,NA,NA,NA,NA,is_blast,mgrB,NA
NR5434,NA,rstB 1 (crrB) CDS,2103491,is_blast,NA,NA,NA,NA,NA,NA,NA,is_blast,KP0228_00231,NA
NR5438,NA,mgrB,1822211,is_blast,NA,NA,NA,NA,NA,NA,NA,is_blast,mgrB,NA
NR5441,NA,mgrB,1822211,is_blast,NA,NA,NA,NA,NA,NA,NA,is_blast,mgrB,NA
NR5448,NA,mgrB,1822211,is_blast,NA,NA,NA,NA,NA,NA,NA,is_blast,mgrB,NA
NR5448,NA,rstB 1 (crrB) CDS,2103491,is_blast,NA,NA,NA,NA,NA,NA,NA,is_blast,KP0228_00231,NA
NR5451,NA,mgrB,1822211,is_blast,NA,NA,NA,NA,NA,NA,NA,is_blast,mgrB,NA
NR5453,NA,mgrB,1822211,is_blast,NA,NA,NA,NA,NA,NA,NA,is_blast,mgrB,NA
NR5455,NA,mgrB,1822211,is_blast,NA,NA,NA,NA,NA,NA,NA,is_blast,mgrB,NA
NR5456,NA,mgrB,1822211,is_blast,NA,NA,NA,NA,NA,NA,NA,is_blast,mgrB,NA
NR5486,NA,mgrB,1822211,is_blast,NA,NA,NA,NA,NA,NA,NA,is_blast,mgrB,NA
